,size,precisions,recalls,f1,accuracy,auc
Covid-19,10873,0.9486301369863014,0.9172185430463576,0.9326599326599326,0.8983481575603558,0.8766420584084248
